keyword,frequency
bitcoin,212
btc,86
you,74
just,66
it,65
at,65
i,49
every,47
will,46
are,45
now,42
not,39
if,38
was,37
be,36
one,35
they,31
market,30
from,28
next,27
most,27
its,27
before,27
same,26
as,26
over,26
years,26
into,26
all,25
he,25
move,24
people,24
we,23
money,23
time,23
your,23
what,22
has,22
crypto,22
right,22
still,22
have,21
sold,20
like,20
how,20
price,20
about,20
going,19
but,19
die,19
can,19
de,19
2026,18
here,18
million,18
when,18
trump,18
etf,18
out,18
up,18
thats,18
after,18
why,17
bottom,17
cycle,17
saylor,17
then,17
day,17
said,16
do,16
his,16
more,16
coming,16
xrp,16
buy,16
dont,15
das,15
everyone,15
top,15
today,15
were,14
2022,14
only,14
3,14
think,14
follow,14
too,14
turn,14
than,14
100,14
by,14
real,14
first,13
new,13
pizza,13
again,13
per,13
there,12
ill,12
where,12
markets,12
bull,12
could,12
2,12
my,12
major,12
breaking,12
10,12
back,12
und,12
down,11
called,11
bought,11
billion,11
iran,11
long,11
michael,11
last,11
ethereum,11
keep,11
bullish,11
no,11
history,11
1,10
strategy,10
wallet,10
off,10
trading,10
days,10
sell,10
make,10
exactly,10
even,10
who,10
worth,10
us,10
dump,10
support,10
or,10
year,10
supply,10
never,10
whats,10
those,10
get,10
know,9
call,9
biggest,9
global,9
buying,9
everything,9
much,9
ist,9
final,9
exact,9
rate,9
noch,9
news,9
auf,9
4,9
capital,9
ai,9
youll,9
me,9
would,9
been,9
gold,9
end,8
smart,8
might,8
short,8
order,8
below,8
big,8
single,8
liquidity,8
youre,8
says,8
strc,8
chart,8
digital,8
notifications,8
bitcoins,8
month,8
ago,8
later,8
months,8
win,8
did,8
trillion,8
wall,8
understand,8
clarity,7
street,7
sign,7
entire,7
es,7
bis,7
opened,7
sats,7
trades,7
hold,7
rejected,7
phase,7
run,7
yet,7
already,7
mining,7
go,7
crash,7
75,7
kept,7
may,7
zone,7
15,7
through,7
calls,7
assets,7
october,7
watching,7
institutions,7
gets,7
level,7
channel,7
sol,7
en,7
accumulation,7
got,6
position,6
plays,6
higher,6
financial,6
holding,6
500,6
total,6
cant,6
comes,6
longs,6
different,6
knows,6
5,6
see,6
hit,6
using,6
around,6
nobody,6
bad,6
because,6
expect,6
im,6
spot,6
ein,6
von,6
banks,6
der,6
exposure,6
worry,6
setup,6
following,6
mistake,6
trendline,6
structure,6
full,6
drop,6
6,6
publicly,6
bounce,6
best,6
week,6
retail,6
while,6
missed,6
moment,5
bill,5
broke,5
den,5
work,5
transaction,5
über,5
etfs,5
reserve,5
bearish,5
blackrock,5
maybe,5
trade,5
largest,5
which,5
rund,5
76k,5
held,5
target,5
parabolic,5
trend,5
lower,5
notifs,5
created,5
bir,5
ive,5
man,5
energy,5
dip,5
200,5
almost,5
hours,5
predicted,5
50,5
way,5
pnl,5
altcoins,5
soon,5
20,5
video,5
enough,5
solana,5
ich,5
als,5
2025,5
update,5
look,5
few,5
sind,5
oil,5
126000,5
insider,5
volatility,5
massive,5
selling,5
part,5
goldman,5
once,5
holders,5
rally,5
started,5
nur,5
their,5
looks,5
during,5
eine,5
amp,5
track,5
hormuz,5
watch,5
asset,5
own,5
above,5
holdings,5
put,5
eth,5
hes,5
three,5
walmart,5
signal,5
well,5
america,5
happens,5
16000,5
whale,5
bear,5
coins,5
world,5
something,5
trying,4
fees,4
buys,4
dollars,4
things,4
isnt,4
getting,4
o,4
millions,4
weekly,4
coinbase,4
some,4
boğa,4
ve,4
network,4
dumped,4
any,4
managers,4
la,4
vs,4
bu,4
doesnt,4
silver,4
calling,4
term,4
accumulate,4
quietly,4
works,4
2018,4
want,4
yields,4
enjoy,4
fear,4
crazy,4
goes,4
morgan,4
stanley,4
fake,4
inflows,4
insurance,4
tariff,4
copy,4
coin,4
adoption,4
so,4
für,4
millionen,4
mit,4
since,4
use,4
mehr,4
strait,4
paying,4
strategys,4
27978,4
überhaupt,4
polymarket,4
stack,4
live,4
else,4
v_bt,4
v_at,4
cost,4
share,4
life,4
conviction,4
70k,4
billions,4
fakeout,4
mstr,4
two,4
officially,4
inside,4
sachs,4
moved,4
explained,4
infrastructure,4
71k,4
un,4
find,4
7,4
ever,4
reach,4
updated,4
más,4
manipulation,4
always,4
breakdown,4
toward,4
made,4
60k,4
executive,4
statement,4
saylors,4
8,4
resistance,4
42k,4
thing,3
november,3
stock,3
uses,3
complete,3
showing,3
parlay,3
yesterday,3
sellers,3
done,3
liquidations,3
ftx,3
wealthy,3
moving,3
does,3
hard,3
momentum,3
playbook,3
demand,3
wer,3
75400,3
hundreds,3
seeing,3
covid,3
arbitrage,3
prediction,3
lows,3
pm,3
giveaway,3
13,3
winners,3
bulls,3
21,3
enter,3
76000,3
post,3
seit,3
dem,3
pool,3
trap,3
happen,3
turned,3
subscribe,3
half,3
5minute,3
moves,3
bot,3
sources,3
strategic,3
current,3
flush,3
institution,3
1000000,3
24,3
2998,3
profile,3
etrade,3
point,3
bears,3
126k,3
lost,3
sideways,3
feel,3
nicht,3
points,3
ft,3
second,3
follows,3
print,3
system,3
laundering,3
traders,3
being,3
continue,3
start,3
heres,3
12,3
inflation,3
fun,3
repeating,3
2016,3
du,3
wife,3
expansion,3
keeps,3
gift,3
expected,3
cards,3
trigger,3
2030,3
stocks,3
warning,3
also,3
jetzt,3
sponsor,3
satoshi,3
stop,3
june,3
bond,3
sells,3
believe,3
aligned,3
panic,3
usually,3
begins,3
electricity,3
dean,3
exit,3
war,3
record,3
tag,3
reason,3
2140,3
liquidated,3
kidney,3
house,3
future,3
10000000,3
continues,3
remember,3
20x,3
repeat,3
powerful,3
worlds,3
leverage,3
huge,3
pump,3
gibi,3
actually,3
profit,3
cycles,3
drops,3
near,3
across,3
2021,3
permanently,3
previous,3
innovation,3
weak,3
rise,3
fed,3
y,3
que,3
perhaps,3
bei,3
driving,3
credit,3
thinks,3
close,3
leaving,3
el,3
zero,3
until,3
president,3
despite,3
binance,3
very,3
good,3
sits,3
tek,3
bounced,3
them,3
returns,3
needs,3
send,3
75k,3
high,3
risk,3
according,3
excessive,3
45,3
reaction,3
accelerating,3
factory,3
spent,3
beginning,3
theyre,3
schau,3
una,3
15k,3
wird,3
product,3
play,3
viel,3
really,3
definitely,3
wallets,3
alone,3
key,3
doing,3
form,3
late,3
antes,3
pay,3
brutal,3
hodl,3
daily,3
78k,3
90,3
desteğinden,3
pain,3
waiting,3
yield,3
çizgisi,3
kommt,3
tam,3
quick,3
safe,3
april,3
someone,3
schon,3
likely,3
macro,3
mixers,2
services,2
wrong,2
factorys,2
suggests,2
plan,2
ignored,2
santiment,2
realize,2
crowd,2
48k,2
happening,2
weeks,2
wyckoff,2
race,2
dominant,2
capitulation,2
leveraged,2
𝗮𝗻𝗱,2
𝘄𝗶𝗳𝗲,2
arent,2
bled,2
looking,2
reversal,2
imagine,2
investors,2
coincidence,2
stolen,2
prozent,2
shrinking,2
output,2
cluster,2
rest,2
𝘀𝗽𝗲𝗻𝘁,2
55k,2
clean,2
era,2
anything,2
forming,2
25x,2
150k,2
reaches,2
seven,2
lee,2
hope,2
tom,2
beyond,2
miner,2
dangerous,2
genau,2
watched,2
buried,2
chorus,2
zu,2
ilya,2
deshalb,2
株,2
ones,2
train,2
angebot,2
100k,2
random,2
cnbc,2
noticed,2
story,2
least,2
bitcoinnative,2
ob,2
warsh,2
entered,2
becomes,2
must,2
targets,2
betting,2
chair,2
großen,2
recent,2
longterm,2
breakout,2
distribution,2
dropped,2
running,2
four,2
bros,2
5k,2
nuke,2
remains,2
winrate,2
went,2
forever,2
unlock,2
currency,2
zahl,2
200m,2
haben,2
simple,2
projected,2
preis,2
trapped,2
hour,2
fresh,2
x,2
wave,2
whales,2
500k,2
perfectly,2
giving,2
united,2
tv,2
states,2
alle,2
property,2
preparing,2
594,2
turns,2
rejection,2
ends,2
acquired,2
hält,2
rainbow,2
unternehmen,2
direct,2
cash,2
bank,2
address,2
843738,2
82k,2
touched,2
stays,2
decision,2
stx,2
feels,2
changed,2
literally,2
77000,2
honest,2
pizzas,2
liquid,2
take,2
meanwhile,2
unlocked,2
retrace,2
math,2
actively,2
layer,2
craig,2
she,2
ganzes,2
china,2
sich,2
danach,2
mir,2
timestamps,2
2008,2
corporate,2
passes,2
24h,2
cat,2
episode,2
named,2
10000,2
zusammen,2
anyone,2
clocks,2
outflows,2
paper,2
boom,2
showed,2
trilliondollar,2
another,2
job,2
explains,2
tindale,2
jahrhundert,2
small,2
custody,2
hey,2
während,2
gave,2
catalyst,2
happened,2
längst,2
load,2
split,2
chance,2
twins,2
wartet,2
havent,2
cannot,2
followed,2
2014,2
wealth,2
dollar,2
verkaufe,2
shorts,2
seine,2
correction,2
2x,2
prime,2
predict,2
450m,2
green,2
data,2
yes,2
blockchain,2
inflatie,2
drives,2
los,2
kevin,2
flowing,2
separated,2
decade,2
gap,2
losers,2
polymarkets,2
1500,2
buyers,2
directly,2
han,2
old,2
36,2
scale,2
making,2
lo,2
tahmin,2
spend,2
earth,2
exiting,2
predictions,2
lunch,2
última,2
passiert,2
dolardaki,2
many,2
hora,2
other,2
ponzi,2
begun,2
ark,2
happy,2
sitting,2
book,2
apple,2
invests,2
cathie,2
expensive,2
options,2
wood,2
400,2
2400000,2
bloomberg,2
hier,2
fox,2
advisors,2
shake,2
μ,2
entry,2
cult,2
16,2
s_t,2
caza,2
statistical,2
favorite,2
valuation,2
supposed,2
crisis,2
200000,2
se,2
ha,2
innerhalb,2
önünde,2
200000000,2
had,2
longer,2
flow,2
minutes,2
tell,2
billionaire,2
potential,2
liquidación,2
hands,2
29,2
season,2
liquidating,2
funding,2
warnt,2
nach,2
yükselecek,2
wurde,2
thought,2
account,2
80k,2
critical,2
arbeit,2
hoy,2
breaks,2
holds,2
vor,2
einer,2
aşırı,2
durumda,2
liquidez,2
path,2
ride,2
si,2
aynı,2
con,2
apalancamiento,2
her,2
önce,2
daha,2
olduğunu,2
justo,2
del,2
sweep,2
bunun,2
einem,2
wachsenden,2
tekrar,2
sekme,2
milliarden,2
tokenized,2
kadar,2
exemption,2
outflow,2
kuruluş,2
bottoms,2
bars,2
letzte,2
extremely,2
currently,2
einen,2
sec,2
january,2
imbalance,2
estate,2
225m,2
crashed,2
either,2
luna,2
crashing,2
imperfect,2
connected,2
behave,2
thoughts,2
public,2
hear,2
act,2
15600,2
institutional,2
machi,2
idiot,2
eric,2
government,2
18,2
stay,2
early,2
theres,2
build,2
prices,2
000,2
raised,2
lutnick,2
bananas,2
advice,2
cleanup,2
analyst,2
deadline,2
hitting,2
try,2
12m,2
heather,2
todays,2
zum,2
seems,2
hits,2
name,2
our,2
715,2
forbes,2
bottomed,2
et,2
upside,2
gemined,2
interest,2
0000,2
67,2
seconds,2
mt,2
trumps,2
itself,2
massively,2
announcement,2
gox,2
whole,2
doj,2
23,2
gegen,2
lose,2
tops,2
stops,2
information,2
open,2
range,2
strike,2
laws,2
scared,2
genuinely,2
touch,2
ledger,2
freeze,2
latest,2
guide,2
suggest,2
tap,2
pumped,2
relief,2
celebrated,2
him,2
slow,2
eyes,2
white,2
resets,2
proof,2
cooking,2
central,2
asked,2
leaders,2
ceo,2
gulf,2
summary,1
positioned,1
1minute,1
schwächste,1
verschiebt,1
checkout,1
3050,1
apenas,1
aufmacht,1
cae,1
komplett,1
fehlen,1
zappelt,1
keiner,1
wait,1
rechnung,1
wie,1
eben,1
sabe,1
viene,1
abgibt,1
mayor,1
wir,1
shorter,1
promo,1
dcent,1
makes,1
preparando,1
müssen,1
está,1
staaten,1
fonds,1
zählt,1
bomba,1
einzige,1
runde,1
aus,1
reasonable,1
alte,1
debate,1
panics,1
echte,1
da,1
frage,1
enjoyed,1
hintergrund,1
simpler,1
jemals,1
aschenbrenner,1
free,1
shifting,1
dort,1
55b,1
wo,1
hat,1
67000000,1
klar,1
jemand,1
abrir,1
worst,1
rips,1
acaba,1
bereit,1
2028,1
10gigawatt,1
aber,1
emissionsrate,1
verkaufen,1
oder,1
7b,1
besitzer,1
wechselt,1
grew,1
nichts,1
argument,1
entsteht,1
problema,1
markt,1
tut,1
525b,1
würden,1
2000,1
sooner,1
42b,1
hay,1
24000,1
pero,1
bestimmen,1
leopold,1
ganados,1
seitwärts,1
100m,1
ganadoras,1
operaciones,1
feiern,1
tun,1
dabei,1
1010,1
anuncio,1
blendet,1
eng,1
mercado,1
2009,1
apertura,1
eeuu,1
llega,1
74200,1
zona,1
legt,1
posible,1
bilanz,1
están,1
anticipando,1
quartal,1
guten,1
algo,1
grande,1
konzern,1
volatilidad,1
einziger,1
weniger,1
33,1
yo,1
bringt,1
67853000,1
letzten,1
etwas,1
portfolio,1
schaue,1
exhaust,1
tacoma,1
gestarrt,1
boots,1
guilty,1
coworkers,1
sat,1
dynamic,1
llamada,1
larga,1
ballena,1
habría,1
unbemerkt,1
abierto,1
knappheit,1
eigentliche,1
erleben,1
posición,1
urenkel,1
edit,1
stück,1
41000,1
diese,1
2040,1
jahr,1
script,1
emissionskurve,1
altszn,1
dir,1
einmal,1
millionste,1
gerade,1
fährte,1
dropping,1
überall,1
falsche,1
liest,1
denselben,1
satz,1
gemeined,1
startschuss,1
limit,1
klingt,1
inevitable,1
grinding,1
image,1
headwinds,1
jahre,1
hundert,1
kompletten,1
gemeind,1
textbook,1
aller,1
146,1
996,1
cryptos,1
319,1
2011,1
454,1
charts,1
739,1
misprising,1
1032,1
sure,1
1247,1
800,1
bedroom,1
monaten,1
rechne,1
ausweisen,1
entstehen,1
sacken,1
fiyatı,1
sürüyor,1
tim,1
lass,1
draper,1
produziert,1
trillions,1
usd,1
accepted,1
word,1
legostyle,1
music,1
promoting,1
toll,1
ben,1
jahren,1
114,1
dedikçe,1
nächsten,1
netzwerk,1
psikolojisi,1
kalabalığın,1
değil,1
öyle,1
offen,1
125000000000,1
hodling,1
firmen,1
survived,1
hack,1
collapses,1
piyasa,1
weggesperrt,1
dolu,1
mantığı,1
bilanzen,1
kleiner,1
zukunftsproduktion,1
ki,1
herkes,1
tradee,1
komplette,1
girince,1
işin,1
123,1
domuz,1
heute,1
gesamte,1
işte,1
nowhere,1
kudurun,1
tage,1
seiner,1
ende,1
ans,1
protokoll,1
restmenge,1
warehouse,1
ausgibt,1
supervisor,1
ohio,1
paycheck,1
straight,1
checked,1
crashes,1
neu,1
969000,1
incoming,1
yaşayacak,1
eşşek,1
halten,1
uzun,1
börsennotierten,1
saldıran,1
şarlatanlara,1
emission,1
firma,1
allem,1
85,1
cevabımı,1
etwa,1
819000,1
spring,1
sitzt,1
yeşil,1
mumlarla,1
vereceğim,1
buda,1
einziges,1
sizlere,1
sözüm,1
olsun,1
yaralı,1
4year,1
lieber,1
addressable,1
preferred,1
issuance,1
2309,1
2436,1
childhood,1
inspiration,1
bigger,1
2024,1
approved,1
130000000000,1
nvda,1
aapl,1
tsla,1
decentralized,1
rails,1
dominance,1
2152,1
1943,1
responding,1
312,1
440,1
633,1
philosophy,1
804,1
1114,1
scheme,1
policy,1
criticism,1
1332,1
patterns,1
1505,1
1758,1
risks,1
247,1
60000000000000,1
controversy,1
460x,1
concept,1
fuses,1
hardest,1
humanity,1
requires,1
survive,1
sustain,1
timechain,1
metabolic,1
link,1
binds,1
importance,1
scarce,1
limited,1
scarcity,1
mow,1
samson,1
ceos,1
ct,1
larger,1
prints,1
lowering,1
unlocks,1
stablecoin,1
spamming,1
hates,1
lit,1
itd,1
practically,1
pissed,1
extractive,1
70story,1
buildings,1
036,1
sale,1
unique,1
lesson,1
sports,1
car,1
childrens,1
children,1
podcast,1
thursday,1
expectations,1
didnt,1
thinking,1
id,1
glad,1
talked,1
leap,1
stayed,1
expired,1
weaker,1
index,1
bunch,1
described,1
dalio,1
privacy,1
transactions,1
monitored,1
indirectly,1
controlled,1
problem,1
bar,1
without,1
say,1
such,1
outrageous,1
stronger,1
preservation,1
exploded,1
truly,1
consensus,1
underlying,1
strikes,1
cautious,1
opinion,1
lesser,1
intellect,1
picking,1
pennies,1
railroad,1
quarters,1
oleary,1
stand,1
gen,1
z,1
28,1
stupid,1
125,1
famous,1
musk,1
mixing,1
avoid,1
thesis,1
nassim,1
talebs,1
3612,1
traceable,1
30,1
elon,1
come,1
companies,1
werent,1
resembles,1
mathematicallyai,1
break,1
gives,1
value,1
laundered,1
seize,1
clearly,1
overpositioned,1
saves,1
craziest,1
grant,1
cardone,1
combine,1
improve,1
billionaires,1
california,1
democrats,1
legalized,1
stealing,1
communist,1
hellhole,1
190b,1
nearly,1
360m,1
vote,1
100x,1
200xbtc,1
runway,1
6k,1
advanced,1
senate,1
fullblown,1
cooled,1
126b,1
erased,1
cap,1
harder,1
sliding,1
flows,1
passed,1
inactivity,1
savings,1
exchangesunder,1
cheaper,1
purchasing,1
power,1
step,1
closer,1
freedom,1
rule,1
bitcoiner,1
al,1
jazeera,1
reports,1
ethiopia,1
20000,1
due,1
abundant,1
care,1
129751,1
780398,1
cheap,1
unclaimed,1
theft,1
outright,1
communism,1
nature,1
wed,1
aka,1
64069,1
satoshis,1
fractions,1
example,1
76846,1
650647,1
february,1
243t,1
400500,1
flushes,1
between,1
20272028,1
change,1
face,1
200d,1
talk,1
couple,1
paths,1
q4,1
nail,1
chinese,1
student,1
090,1
408292,1
claude,1
exploits,1
game,1
investor,1
essentially,1
commodity,1
allin,1
quite,1
window,1
opportunity,1
theyve,1
presented,1
sectors,1
flood,1
semiconductors,1
90100k,1
believes,1
undervalue,1
crucial,1
psychologically,1
microdelays,1
signals,1
meter,1
1000,1
usa,1
bills,1
create,1
arr,1
completely,1
agree,1
sminston,1
guessing,1
certainty,1
zooming,1
approaching,1
outlook,1
relax,1
jack,1
mallers,1
appears,1
122k,1
ratio,1
relative,1
orders,1
cryptoquant,1
waves,1
indicator,1
6500070500,1
solid,1
strength,1
golden,1
shows,1
69k,1
area,1
strong,1
upper,1
102k,1
ray,1
seizure,1
jagst,1
scales,1
edelman,1
regulatory,1
democratic,1
votes,1
desk,1
surge,1
lets,1
gooo,1
deposits,1
successfully,1
5847,1
approximately,1
movement,1
series,1
highvolume,1
ric,1
winter,1
sustained,1
20229,1
view,1
drive,1
better,1
locked,1
shelf,1
climbed,1
112,1
signaling,1
18191,1
large,1
accumulating,1
size,1
roughly,1
77,1
manager,1
operations,1
onchain,1
treasury,1
nat,1
4th,1
nattening,1
customers,1
jpmorgan,1
offered,1
wrappers,1
decided,1
offering,1
access,1
wrapper,1
actual,1
cftc,1
chairman,1
signed,1
28th,1
irl,1
14,1
aliens,1
horizon,1
legend,1
bogdanoff,1
knew,1
temps,1
talking,1
fast,1
bogd,1
forward,1
grichka,1
igor,1
pulling,1
strings,1
bog,1
s,1
transacting,1
regulates,1
rediscovering,1
results,1
0x927f7694de44d19a72bce76254e628d1c141d215,1
trapping,1
ps,1
sc,1
st,1
playing,1
shaken,1
squeezed,1
building,1
52k,1
easily,1
apex,1
predator,1
timeline,1
delivers,1
consistently,1
2906,1
willst,1
verteilt,1
frag,1
dich,1
wem,1
eigentlich,1
kaufen,1
82932,1
reached,1
net,1
20986,1
57,1
returned,1
1833,1
883,1
rediscovered,1
vacuum,1
regularly,1
cleaner,1
adorable,1
adults,1
hostile,1
reorganization,1
claws,1
monetary,1
hardness,1
speed,1
light,1
vessel,1
human,1
leak,1
investorsits,1
unusually,1
assettheyre,1
grandchildren,1
numbers,1
bury,1
tragedy,1
657,1
hemorrhaging,1
greed,1
smoking,1
crater,1
greek,1
personality,1
3000,1
disorder,1
possibly,1
both,1
magnificent,1
assembled,1
schedule,1
law,1
derivatives,1
seized,1
rap,1
admin,1
credentials,1
logged,1
employee,1
119754,1
72,1
tried,1
exchange,1
accounts,1
identities,1
nfts,1
uber,1
rides,1
launder,1
youtube,1
stole,1
exchanges,1
bitfinex,1
𝗰𝗮𝗹𝗹𝗶𝗻𝗴,1
𝘁𝗶𝗺𝗲,1
𝗽𝗼𝘀𝘁𝗶𝗻𝗴,1
𝗿𝗮𝗽,1
𝘃𝗶𝗱𝗲𝗼𝘀,1
𝗼𝗻,1
𝗬𝗼𝘂𝗧𝘂𝗯𝗲,1
𝗵𝗲𝗿𝘀𝗲𝗹𝗳,1
hacked,1
𝘁𝗵𝗲,1
𝗖𝗿𝗼𝗰𝗼𝗱𝗶𝗹𝗲,1
𝗼𝗳,1
𝗪𝗮𝗹𝗹,1
𝗦𝘁𝗿𝗲𝗲𝘁,1
lichtenstein,1
posting,1
videos,1
𝘁𝗵𝗮𝘁,1
under,1
chain,1
ilyas,1
six,1
unravelled,1
fbi,1
raided,1
manhattan,1
apartment,1
found,1
private,1
keys,1
hidden,1
file,1
passport,1
photos,1
mixer,1
hop,1
mapping,1
titled,1
razzlekhan,1
herself,1
crocodile,1
writing,1
articles,1
magazine,1
experts,1
records,1
tips,1
protect,1
business,1
cybercriminals,1
woman,1
cybersecurity,1
𝘀𝗮𝗺𝗲,1
𝗧𝗵𝗲,1
told,1
understood,1
250,1
mio,1
strongest,1
fidelity,1
40,1
should,1
closely,1
spreading,1
priced,1
19,1
frustrating,1
understanding,1
asst,1
super,1
having,1
red,1
german,1
beginners,1
catch,1
20000000000000,1
eligible,1
vitality,1
warren,1
buffett,1
growth,1
founder,1
self,1
great,1
conversation,1
roadmap,1
programming,1
languages,1
discussion,1
income,1
boomer,1
𝗶𝘁,1
uncle,1
bitwise,1
cio,1
100000,1
10x,1
fund,1
𝗔,1
𝗵𝘂𝘀𝗯𝗮𝗻𝗱,1
𝘀𝘁𝗼𝗹𝗲,1
𝟰𝟱,1
𝗕𝗜𝗟𝗟𝗜𝗢𝗡,1
𝗶𝗻,1
𝗕𝗶𝘁𝗰𝗼𝗶𝗻,1
𝟲,1
𝘆𝗲𝗮𝗿𝘀,1
𝗵𝗶𝗱𝗶𝗻𝗴,1
scary,1
discovering,1
clipping,1
rant,1
outaccumulate,1
thousands,1
scratch,1
away,1
bucks,1
spare,1
saw,1
payments,1
buyssells,1
42000,1
paid,1
dinner,1
767m,1
realworld,1
announced,1
4690,1
ceiling,1
2413,1
2328,1
1404,1
0842,1
0533,1
pullback,1
0046,1
intro,1
tune,1
loves,1
inject,1
forced,1
governments,1
mess,1
analysts,1
stress,1
hotterthanexpected,1
rising,1
economy,1
7300,1
25000000,1
300,1
company,1
family,1
cooked,1
abt,1
ppl,1
regular,1
allocations,1
kyc,1
cape,1
nexo,1
region,1
2451,1
一気に売りが加速しています,1
これらが同時に重なったことで,1
海外勢のリスクオフ,1
円安進行,1
中東情勢の緊迫化,1
米国金利の再上昇懸念,1
原因は単純な暴落ではなく,1
日本株市場から20兆円超が消滅,1
本日,1
日本株大暴落,1
operation,1
saving,1
fathers,1
asking,1
cross,1
pov,1
3709,1
pharos,1
3626,1
watchlist,1
johns,1
3435,1
impact,1
ipo,1
spacex,1
3130,1
cooling,1
2848,1
2640,1
locks,1
rounds,1
17d,1
223,1
1176,1
261,1
3262,1
902,1
439,1
4756,1
881,1
deals,1
microprice,1
obi,1
l2,1
meanreversion,1
cointegration,1
crossmarket,1
tactics,1
quant,1
p_bt,1
p_at,1
p_microt,1
i_t,1
dw_t,1
σ,1
dt,1
θ,1
ds_t,1
p_kt,1
β,1
p_pt,1
formulas,1
3811,1
2851,1
vc,1
7332,1
launch,1
prob,1
millionaires,1
becoming,1
accidentally,1
laptops,1
nerds,1
internet,1
kinda,1
banana,1
investment,1
reference,1
2052026,1
2300,1
skills,1
show,1
eat,1
events,1
exciting,1
these,1
bitget,1
choose,1
merchandise,1
add,1
paste,1
500010000,1
5001000,1
copying,1
157,1
特に今,1
機関投資家が見ているのは,1
日本株が下がったかではなく,1
5min,1
properly,1
sound,1
legally,1
place,1
far,1
breakthrough,1
announcementits,1
regarding,1
director,1
doomer,1
5139,1
basics,1
machine,1
speculative,1
disconnecting,1
4639,1
material,1
unprintable,1
ultimate,1
role,1
4258,1
civilization,1
modern,1
territory,1
unprecedented,1
3524,1
intertwined,1
analogy,1
conjoined,1
safeguarding,1
hype,1
次に,1
app,1
201,1
24869,1
lowest,1
slides,1
pics,1
creative,1
yellowbinance,1
selfie,1
rewards,1
5000,1
yellow,1
meets,1
prize,1
each,1
repost,1
uid,1
answer,1
comment,1
earlier,1
wouldve,1
d,1
absolutely,1
c,1
b,1
800000000,1
0x8d2d7bae900cc62bbac531f900dbf58a6f8c5517,1
trader,1
profi,1
copytrade,1
3009,1
fertilizer,1
2500,1
2035,1
fully,1
consolidation,1
vertically,1
explode,1
obvious,1
pretends,1
suddenly,1
altcoin,1
alts,1
smell,1
descent,1
4x,1
bounces,1
multiple,1
descended,1
イイネリプしておいてください,1
見たい人は,1
次のbtcシナリオ分析も出すので,1
この情報を元にした,1
今年後半の流れがほぼ決まるレベル,1
大きく崩れるかで,1
ここを上抜けるか,1
チャート的にもかなり重要な局面です,1
そして今のbtc,1
への資金シフトが徐々に強まっている,1
ビットコイン,1
金,1
実際ここ最近は,1
どこへ資金が流れるのか,1
rotates,1
plenty,1
collide,1
triangulation,1
death,1
1701,1
1421,1
reserves,1
defense,1
truth,1
terrifying,1
1336,1
commodities,1
physical,1
938,1
tech,1
centers,1
753,1
physics,1
west,1
financialization,1
bifurcation,1
108,1
dirty,1
ht,1
learned,1
whose,1
arrives,1
finally,1
rainy,1
fits,1
plus,1
kalshi,1
streak,1
achieved,1
como,1
sufrido,1
las,1
locales,1
máximos,1
últimos,1
desde,1
ya,1
hundido,1
hacer,1
va,1
actualización,1
measured,1
240k,1
shakeout,1
109k,1
68,1
65k,1
ath,1
careful,1
flipped,1
vertical,1
compression,1
grind,1
ended,1
believing,1
doubt,1
boredom,1
loss,1
choppy,1
esperado,1
dijimos,1
kills,1
análisis,1
tomorrow,1
opens,1
bybit,1
53526,1
sma,1
300w,1
btcs,1
aquí,1
explico,1
te,1
qué,1
ahora,1
82000,1
llegó,1
cuando,1
miedo,1
fue,1
les,1
incautos,1
esos,1
liquidado,1
sorpresa,1
pillado,1
nos,1
programada,1
estaba,1
caída,1
esta,1
anterior,1
posttop,1
chops,1
bets,1
important,1
overbought,1
oversold,1
apparently,1
expecting,1
imbalances,1
fill,1
mm,1
reprice,1
times,1
60klol,1
sub,1
screaming,1
blast,1
8890k,1
surprised,1
am,1
outcome,1
front,1
recovery,1
repeated,1
carefully,1
bouncing,1
posted,1
appearing,1
test,1
starts,1
60000,1
flip,1
7800082000,1
rotation,1
eastern,1
bleeds,1
reduce,1
result,1
2020,1
2012,1
76000000,1
brother,1
attention,1
reducing,1
aimed,1
approve,1
430,1
set,1
profitable,1
bracing,1
talks,1
peace,1
usiran,1
confirm,1
picnic,1
congressional,1
stream,1
imo,1
acting,1
incompetence,1
gross,1
thru,1
700,1
micro,1
amounts,1
insane,1
76585,1
difficult,1
forcing,1
unutmayın,1
inanıyor,1
sonuca,1
ediyor,1
kendini,1
herkesin,1
tarih,1
örneği,1
başladığının,1
nasıl,1
olarak,1
aşamasının,1
genişleme,1
büyük,1
yanliş,1
düşünüyor,1
rallisi,1
toparlanma,1
rastgele,1
sadece,1
hala,1
yatırımcı,1
çoğu,1
tekrarlandı,1
boyunca,1
döngü,1
şimdiye,1
ayni,1
bakın,1
dikkatlice,1
musunuz,1
üç,1
starting,1
yıl,1
10541,1
14165516,1
machines,1
4000,1
removing,1
atms,1
banning,1
canada,1
anlayacaksınız,1
sonra,1
hata,1
neden,1
anlamadıysanız,1
henüz,1
açın,1
bildirimleri,1
edeceğim,1
sonrakini,1
endişelenmeyin,1
kaçırdıysanız,1
tahminleri,1
bendim,1
kişi,1
eden,1
kamuoyu,1
zirveyi,1
ayında,1
ekim,1
noktasını,1
grafiğe,1
edilecek,1
tasfiye,1
pozisyon,1
bitcoine,1
dönüyor,1
çılgınca,1
anda,1
şu,1
likidite,1
küresel,1
erdi,1
sona,1
resmen,1
döngüsü,1
piyasası,1
destansı,1
altının,1
alınmış,1
ise,1
altın,1
satılmış,1
levels,1
printing,1
broken,1
march,1
uptrend,1
determine,1
danger,1
risky,1
6am,1
nonstop,1
45000000000,1
akıyor,1
altcoinler,1
59,1
istediğiniz,1
kısa,1
üzerinde,1
dolarin,1
milyar,1
gerçekleşti,1
sekiyor,1
okuyoruz,1
yorumları,1
değerlendirelim,1
yazın,1
yoruma,1
metalleri,1
coinleri,1
analiz,1
kat,1
bulunun,1
telegramda,1
mutlaka,1
için,1
sinyaller,1
iyi,1
söylemeyin,1
uyarmadığımı,1
sizi,1
sonrasında,1
olun,1
hazır,1
sezonu,1
80985,1
126,1
firm,1
storm,1
allocating,1
greenlight,1
pomp,1
kijk,1
niet,1
koopkracht,1
je,1
stijgen,1
schulden,1
belastingen,1
aandelen,1
goud,1
rentes,1
oplopende,1
politiek,1
box,1
vermogensopbouw,1
spreekt,1
verliezen,1
waarde,1
gaat,1
spaargeld,1
jouw,1
yourself,1
brace,1
sp,1
attacks,1
125m,1
unreal,1
calm,1
400000000,1
geliyor,1
seller,1
massiven,1
woche,1
tätigt,1
pro,1
prognostiziert,1
städtenetzwerk,1
vergleicht,1
astrophysiker,1
btckommentare,1
erstmals,1
zeigen,1
daten,1
zurück,1
fällt,1
tagen,1
verliert,1
kryptohighlights,1
wichtigsten,1
nacht,1
sorry,1
knowing,1
sleeps,1
advance,1
unfilled,1
cme,1
weekend,1
friday,1
sworn,1
pro#bitcoin,1
görünüyor,1
haber,1
hasnt,1
2019,1
losses,1
grab,1
wick,1
reasons,1
lot,1
ran,1
50k,1
pending,1
loading,1
phases,1
moon,1
heatmaps,1
direction,1
1b,1
44,1
odds,1
hike,1
flushed,1
584m,1
underwater,1
holder,1
puts,1
sweeping,1
maximum,1
causes,1
finds,1
basis,1
average,1
75537,1
mate,1
approach,1
kötü,1
recommend,1
çok,1
yakinda,1
çikardi,1
elinden,1
btcyi,1
tüm,1
bugün,1
ama,1
çikti,1
sağ,1
bataklğindan,1
çöküşünden,1
saldirisindan,1
satti,1
1250000000,1
ardindan,1
hodlingin,1
yillik,1
balina,1
dönemi,1
dakika,1
son,1
outside,1
walk,1
400k,1
deal,1
rejecting,1
perfect,1
allocation,1
bitcoinkauf,1
wert,1
ethereumetfs,1
rises,1
6486m,1
tested,1
descending,1
control,1
reclaim,1
headlines,1
east,1
middle,1
positive,1
defending,1
controls,1
neutral,1
tether,1
shipping,1
bitcoinbacked,1
irgc,1
3b,1
ecosystem,1
78b,1
sanctions,1
bypass,1
500000,1
16000000,1
within,1
heads,1
25,1
vanecks,1
compounds,1
flooding,1
voting,1
leaves,1
verlieren,1
technically,1
421,1
10m,1
owns,1
24800,1
faster,1
platform,1
scalp,1
ntw,1
manually,1
terminal,1
parity,1
accurate,1
insanely,1
sniper,1
17,1
287335,1
volume,1
singleday,1
648000000,1
designed,1
instrument,1
whitelabeling,1
shock,1
2700,1
220000000,1
questionable,1
regain,1
catalysts,1
string,1
haven,1
uncertainty,1
geopolitical,1
destroying,1
citi,1
bitcoincustodyservices,1
künftig,1
kreditgenossenschaften,1
banken,1
erlaubt,1
minnesota,1
bevorstehe,1
dass,1
committee,1
clarityacterfolg,1
lummis,1
cynthia,1
abgesagt,1
usmilitärangriff,1
geplanten,1
morgen,1
habe,1
er,1
sagt,1
m,1
672,1
steigen,1
24hkryptoliquidationen,1
gewinnserie,1
6wöchige,1
ihre,1
beenden,1
107,1
quantencomputergefahr,1
wahrscheinlichkeit,1
zinssenkungen,1
tokenisierten,1
70,1
compounding,1
pompliano,1
anthony,1
15000000,1
extrem,1
motiviert,1
kommentar,1
durch,1
posts,1
diesen,1
steckt,1
aktienhandel,1
plant,1
steigt,1
getestet,1
aktienmarktkorrektur,1
monate,1
ersten,1
fedchef,1
neue,1
jeder,1
1930,1
fedchefs,1
neuen,1
des,1
vereidigung,1
weiter,1
657m,1
map,1
ytd,1
missing,1
surgical,1
85k90k,1
fvg,1
tick,1
read,1
burns,1
usage,1
rotate,1
seats,1
supermajority,1
verify,1
workers,1
scarcer,1
destroyed,1
internal,1
amount,1
miss,1
counter,1
customer,1
users,1
contracts,1
executes,1
contract,1
qu,1
receiving,1
sending,1
measurable,1
seniority,1
seat,1
rolling,1
767k,1
weight,1
corrective,1
sends,1
followers,1
swept,1
83000,1
friends,1
lucky,1
eating,1
city,1
flavor,1
nasty,1
challenge,1
earn,1
lock,1
acquire,1
steps,1
staking,1
nothing,1
probably,1
fight,1
bias,1
83k,1
invalidation,1
confluence,1
retest,1
base,1
68k65k,1
magnet,1
downside,1
leg,1
replaced,1
pull,1
brightest,1
mcdonalds,1
sogar,1
vielleicht,1
hebel,1
niere,1
grün,1
akkumuliere,1
gelb,1
95k,1
718k,1
bbbullish,1
sentiment,1
closes,1
interesting,1
7678k,1
81078,1
76500,1
78600,1
bewegung,1
kurzfristige,1
zeichen,1
gutes,1
uns,1
rein,1
bookmap,1
7697708,1
7670057,1
75700,1
6387,1
5172026,1
meine,1
kappe,1
door,1
lohnen,1
catches,1
majority,1
slips,1
agreement,1
667,1
check,1
assurance,1
quality,1
451,1
leave,1
completion,1
inspect,1
computors,1
floor,1
676,1
produces,1
compute,1
trains,1
burned,1
qubic,1
shredding,1
prove,1
shreds,1
worker,1
operate,1
blockchains,1
2100,1
ihr,1
co,1
81k,1
dead,1
97k,1
printer,1
timeframe,1
bands,1
restarted,1
collapse,1
band,1
peak,1
tweet,1
save,1
poor,1
deserve,1
pushing,1
metals,1
precious,1
798k,1
scam,1
fiat,1
stalls,1
bathroom,1
laughing,1
320k,1
topside,1
cleanest,1
wants,1
line,1
14year,1
111k,1
including,1
disappointed,1
deeply,1
felt,1
ships,1
62k,1
crossing,1
heatmap,1
regret,1
masses,1
opposite,1
bags,1
generational,1
normal,1
wont,1
gonna,1
idea,1
600,1
asleep,1
rich,1
match,1
took,1
microstrategy,1
78,1
absorb,1
waterway,1
globally,1
btcday,1
450,1
produce,1
miners,1
350,1
27mday,1
10byear,1
10b,1
revenue,1
praying,1
10year,1
sheet,1
balance,1
480490t,1
wild,1
kind,1
backofthenapkin,1
wish,1
witnessed,1
35b,1
4180,1
wintermute,1
15911,1
3568,1
bitstamp,1
9152,1
19629,1
dumping,1
means,1
giants,1
remain,1
scaling,1
need,1
identical,1
positions,1
seen,1
weve,1
clear,1
bookmark,1
forms,1
45k,1
85k,1
68x,1
factor,1
mid2030s,1
wiped,1
rates,1
higherforlonger,1
hawkish,1
worse,1
cuts,1
killed,1
pace,1
fastest,1
jumped,1
ppi,1
hot,1
tells,1
temporary,1
550m,1
meaning,1
warned,1
buck,1
participants,1
alltime,1
indefinitely,1
probability,1
certain,1
youve,1
crosby,1
matt,1
76,1
deliver,1
maintain,1
hydropower,1
